862	Tom Hanks	Tim Allen	Don Rickles	Jim Varney	Wallace Shawn	John Ratzenberger	Annie Potts	John Morris	Erik von Detten	Laurie Metcalf	R. Lee Ermey	Sarah Freeman	Penn Jillette
21032	Kevin Bacon	Bob Hoskins	Bridget Fonda	Jim Cummings	Phil Collins	Juliette Brewer	Jack Angel	Danny Mann	Robbie Rist	Sandra Dickinson	Frank Welker	Miriam Margolyes	Lola Bates-Campbell
568	Tom Hanks	Bill Paxton	Kevin Bacon	Gary Sinise	Ed Harris	Kathleen Quinlan	Mary Kate Schellhardt	Emily Ann Lloyd	Miko Hughes	Max Elliott Slade	Jean Speegle Howard	Tracy Reiner	David Andrews	Michele Little	Chris Ellis	Joe Spano	Xander Berkeley	Roger Corman	Andrew Lipschultz	Mark Wheeler	Endre Hules	Clint Howard	Christian Clemenson	Brett Cullen	Thom Barry	Gabriel Jarret	Jim Lovell
8438	Christian Slater	Kevin Bacon	Gary Oldman	Embeth Davidtz	William H. Macy	Stephen Tobolowsky	Brad Dourif	Kyra Sedgwick	Mia Kirshner
8987	Meryl Streep	David Strathairn	Kevin Bacon	Benjamin Bratt	John C. Reilly	Joseph Mazzello	Stephanie Sawyer	William Lucking	Elizabeth Hoffman	Victor Galloway
46094	Kevin Bacon	Charles Gitonga Maina	Yolanda Vazquez	Mabutho 'Kid' Sithole	Sean McCann	Dennis Patrick	Ilo Mutombo	Nigel Miguel	Eric Menyuk	Keith Gibbs	Miriam Owiti	John Matshikiza	Winston Ntshona
819	Robert De Niro	Brad Pitt	Kevin Bacon	Jason Patric	Ron Eldard	Billy Crudup	Dustin Hoffman	Minnie Driver	Vittorio Gassman	Joe Perrino	Brad Renfro	Geoffrey Wigdor	Jonathan Tucker	Terry Kinney	Bruno Kirby	Eugene Byrd	Frank Medrano	Ruth Maleczech	Tom Signorelli	Jeffrey Donovan	Lennie Loftin
9413	Jennifer Aniston	Jay Mohr	Kevin Bacon	Olympia Dukakis	Illeana Douglas	Kevin Dunn
63437	Kevin Bacon	Brad Renfro	Maximilian Schell	Calista Flockhart	Paul Dooley	Jonathan Rhys Meyers	Luke Wilson
617	Matt Dillon	Kevin Bacon	Denise Richards	Neve Campbell	Theresa Russell	Bill Murray	Robert Wagner	Daphne Rubin-Vega	Jeff Perry	Eduardo Yáñez	Jennifer Taylor	Cory Pendergast	Marc Macaulay	Toi Svane Stepp	Dennis Neal	Diane Adams	Paulo Benedeti	Victoria Bass	Ted Bartsch	Leonor Anthony	Antoni Corone	Robert Deacon	Anthony Giaimo	Manny Suarez	Janet Bushor	Gina LaMarca	Nancy Duerr	Margo Peace	Keith Wilson	Nelson Oramas	Michael Dean Walker	Jesse Muson	Kimberly Lamaze	Rebecca White
4488	Betsy Palmer	Adrienne King	Harry Crosby	Laurie Bartram	Jeannine Taylor	Kevin Bacon	Mark Nelson	Robbi Morgan	Peter Brouwer	Rex Everhart	Walt Gorney	Willie Adams	Debra S. Hayes	Ari Lehman	Ronn Carroll	Ron Millkie	Dorothy Kobs	Sally Anne Golden	Mary Rocco	Ken L. Parker	Noel Cunningham	Irwin Keyes	Tom Savini
31641	Evan Rachel Wood	Kevin Bacon	Mary Stuart Masterson	Marian Seldes	Cathy Moriarty
881	Tom Cruise	Jack Nicholson	Demi Moore	Kevin Bacon	Kevin Pollak	James Marshall	J.T. Walsh	Kiefer Sutherland	Christopher Guest	J.A. Preston	Matt Craven	Wolfgang Bodison	Xander Berkeley	John M. Jackson	Noah Wyle	Cuba Gooding Jr.
11601	Kevin Bacon	Kathryn Erbe	Illeana Douglas	Kevin Dunn	Conor O'Farrell	Lusia Strus	Zachary David Cope	Stephen Eugene Walker	Mary Kay Cook	Larry Neumann Jr.	Jennifer Morrison	Liza Weil
49792	Kevin Bacon	Jamie Lee Curtis	Linda Fiorentino	John Malkovich	Joe Mantegna	Ken Olin	Tony Spiridakis	Tom Waits	Chloe Webb	Michael Zelniker	Kelly Bishop	Terry Kinney	Ed Marinaro
17908	Frankie Muniz	Diane Lane	Kevin Bacon	Luke Wilson	Chaon Cross	Harry Connick Jr.
820	Kevin Costner	Tommy Lee Jones	Gary Oldman	Kevin Bacon	Michael Rooker	Jack Lemmon	Laurie Metcalf	Sissy Spacek	Joe Pesci	John Candy	Pruitt Taylor Vince	Jay O. Sanders	Walter Matthau	Sally Kirkland	Donald Sutherland	Ed Asner	Brian Doyle-Murray	Ray LePere	Vincent D'Onofrio	Tom Howard	Lolita Davidovich	Jim Garrison	Wayne Knight	Gary Grubbs	Beata Pozniak Daniels	Tony Plana	John William Galt	Ron Jackson	Sean Stone	John S. Davies	Tomás Milián	Raul Aranas	Gail Cronauer	Gary Carter	James N. Harrell	Ellen McElduff	Jo Anderson	Marco Perella	Edwin Neal	Darryl Cox	T.J. Kennedy	J.J. Johnston	R. Bruce Elliott	William Larsen	Wayne Tippit	Dale Dye	Jerry Douglas	Ryan MacDonald	Duane Grey	George R. Robertson	Baxter Harris	John Seitz	Alex Rodine	Sam Stoneburner	Bob Gunton	John P. Finnegan	Walter Breaux	Melodee Bowman	Peter Maloney	Richard Rutowski	Bill Bolender	Price Carson	Gil Glasgow	Bob Orwig	Hugh Feagin	George Kelly	Victor Kempster	John Larroquette	Maria Mason	Ron Rifkin	Frank Whaley	Kevin Beard	Jeffrey Bornstein	Marie Del Marco	Alan Donnes	Orlando Gallegos	Robert J. Groden	Chuck Kelley	Codie Scott	Martin Sheen	Jacquelyn Twodat Jackson
8469	John Belushi	Tim Matheson	John Vernon	Verna Bloom	Tom Hulce	Cesare Danova	Peter Riegert	Mary Louise Weller	Stephen Furst	James Widdoes	Bruce McGill	Mark Metcalf	DeWayne Jessie	Karen Allen	James Daughton	Martha Smith	Sarah Holcomb	Lisa Baur	Kevin Bacon	Donald Sutherland	Douglas Kenney	Chris Miller	Bruce Bonnheim	Joshua Daniel	Sunny Johnson	Stacy Grooman	Eliza Roberts	Aseneth Jurgenson	Katherine Denning	Raymone Robinson	Robert Elliott	Reginald Farmer	Jebidiah R. Dumas	Priscilla Lauris	Rick Eby	John Freeman	Sean McCartin	Helen Vick	Rick Greenough	Stephen Bishop	John Landis
13776	Steve Guttenberg	Daniel Stern	Mickey Rourke	Kevin Bacon	Tim Daly	Ellen Barkin	Paul Reiser	Kathryn Dowling	Michael Tucker	Jessica James	Colette Blonigan	Kelle Kipp	John Aquino	Richard Pierson	Claudia Cron	Tait Ruppert	Tom Tammi	Pam Gail	Lauren Zaganas	Sharon Ziman	Mark Margolis	Ralph Tabakin	Frank Stoegerer	Nat Benchley	Frank Hennessy	Marvin Hunter	Steve Smith	Lee Case	Clement Fowler	Howard Silverman	Ted Bafaloukos	Barney Cohen	Bruce Kluger	Bruce Elliott	Carole Copeland	Aryeh Cooperstock	Brian Costantini	Lorraine D. Glick	Florence Moody	Mary Lou Vukov	Alan Kaplan	Donald Saiontz	Chief Gordon	Beverly Sheehan	Dusty Clare
1551	Kiefer Sutherland	Julia Roberts	Kevin Bacon	William Baldwin	Oliver Platt	Kimberly Scott	Joshua Rudoy	Benjamin Mouton	Aeryk Egan	Kesha Reed	Hope Davis	Jim Ortlieb	John Duda	Megan Stewart	Tressa Thomas	Sanna Vraa	Beth Grant	Marilyn Dodds Frank	Patricia Belcher
1788	Kevin Bacon	John Lithgow	Dianne Wiest	Chris Penn	Lori Singer	Sarah Jessica Parker	Timothy Scott	Frances Lee McCain	John Laughlin	Elizabeth Gorcey	Jim Youngs	Lynne Marta	Sam Dalton
9383	Kevin Bacon	Elisabeth Shue	Josh Brolin	Kim Dickens	Rhona Mitra	Greg Grunberg	Joey Slotnick	Mary Randle	William Devane	Pablo Espinosa
2609	Steve Martin	John Candy	Laila Robins	Michael McKean	Dylan Baker	Kevin Bacon	Olivia Burnette	Carol Bruce	Diana Douglas	Martin Ferrero	Larry Hankin	Richard Herd	Susan Kellermann	Susan Isaacs	John Randolph Jones
12714	Kevin Bacon	Elizabeth McGovern	Alec Baldwin	William Windom	Holland Taylor	Cathryn Damon	John Ashton	Dan Aykroyd	Michael Keaton	James Ray	Reba McKinney	Bill Erwin	Paul Gleason	Dennis Dugan	Anthony Mockus Sr.	Larry Hankin	Edie McClurg	Nancy Lenehan	Steve Tannen	Neal Bacon	Laure Aronica	Valerie Breiman	Isabel García Lorca	Al Leong	Lili Taylor	Sherry Narens	Kellye Nakahara	Ellen Dweck	Lisa Niemi	Trudy Dochterman	Angela Alvarado	Pamela Hedges	Seth Yoser	Ruth F. Ekholm	Mimi Cagnetta	Susan Canestro	Bernadette Pelletier	Ingrid Ferrin	Patrick J. Salisbury	Gail O'Grady	Woody Harrelson	Kirstie Alley	Matthew Broderick	John Candy	Bill Murray
41952	Gary Oldman	Kevin Bacon	Tess Harper	Karen Young	Joe Don Baker	Sean McCann	Ron Lea	Michael Sinelnikoff
45225	Kevin Bacon	Emily Longstreth	J.T. Walsh	Jennifer Jason Leigh	Michael McKean	Kim Miyori	Teri Hatcher	Dan Schneider	Jason Gould	Tracy Brooks Swope	Don Franklin	Gary Kroeger	Alice Hirson	Grant Owens	Fran Drescher	Suzy Cote	Eddie Albert	June Lockhart	Stephen Collins	Roddy McDowall	Robert Bauer	Vladimir Skomarovsky	C.W. Hemingway	Holly Fields	Yvonne Peattie	Stan Ivar	David Hayward	Caitlin Clarke	Nancy Valen	Wesley Pfenning	John Cleese	Richard Blake	Walter Olkewicz	Scott Coffey	Bruce Kirby	Richard Belzer	Beth Chamberlin	Mike Miller	Martin Short
20794	Chelcie Ross	Steve Martin	Laura Dern	Lynne Thigpen	Polly Noonan	Helena Bonham Carter	JoBe Cerny	Elias Koteas	Yasen Peyankov	Scott Caan	Teri Cotruzzola	Lucina Paquet	Preston Maybank	Sally Kao	Quincy Wong	George Lugg	Tyler Rostenkowski	Tom Milanovich	Karol Kent	Keith David	Eddie Bo Smith Jr.	Mary Ann Childers	Rich Komenich	James Chisem	Joseph F. Kosala	Eric Lane	Roy Hytower	Kwame Amoaku	Christian Stolte	Len Bajenski	Mindy Bell	Roderick Peeples	Kevin Bacon	Ed Cray	Christopher Glasgow	Marcello Robinson	Dean Teaster
19209	Kevin Bacon	Sean Astin	Jonathan Ward	K.C. Martel	Matt Adler	Caroline McWilliams	Charles Siebert	Joseph Passerrelli
44004	John Ritter	Anne Archer	Bert Convy	Kevin McCarthy	Kevin Bacon
9039	Charlize Theron	Kevin Bacon	Courtney Love	Stuart Townsend	Dakota Fanning	Pruitt Taylor Vince	Colleen Camp	Steve Rankin	Garry Chalk	Jodie Markell	Matt Koby	Gerry Becker	Andrew Airlie	Randi Lynne	J.B. Bivens
42146	Marsha Mason	Kristy McNichol	James Coco	Joan Hackett	David Dukes	John Bennett Perry	Guy Boyd	Venida Evans	John Vargas	Dan Monahan	Kevin Bacon
21332	Kevin Bacon	Jami Gertz	Paul Rodríguez	Rudy Ramos	Laurence Fishburne	Louie Anderson	Gerald S. O'Loughlin	Andrew Smith	Charles McCaughan	Abel Fernandez
9362	Kevin Bacon	Fred Ward	Finn Carter	Michael Gross	Reba McEntire	Robert Jayne	Charlotte Stewart	Tony Genaro	Ariana Richards	Richard Marcus	Victor Wong	Sunshine Parker	Michael Dan Wagner	Conrad Bachmann	Bibi Besch
322	Sean Penn	Tim Robbins	Kevin Bacon	Laurence Fishburne	Marcia Gay Harden	Laura Linney	Kevin Chapman	Tom Guiry	Emmy Rossum	Eli Wallach	Spencer Treat Clark	Andrew Mackin	Adam Nelson	Robert Wahlberg	Jenny O'Hara	John Doman	Cameron Bowen	Jason Kelly	Connor Paolo	T. Bruce Page	Miles Herter	Cayden Boyd	Tori Davis	Jonathan Togo	Philip Ettington
10944	Meg Ryan	Mark Ruffalo	Jennifer Jason Leigh	Nick Damici	Heather Litteer	Kevin Bacon
17956	Kevin Bacon	Elizabeth Perkins	Nathan Lane	Anthony LaPaglia	Sharon Stone	Stanley Anderson	Charlayne Woodard	Danton Stone	Phil Leeds	Rita Karin	Paul Butler	Erika Alexander	Ashley Gardner	Michael Harris	Damien Leake	Constance Shulman	Leon Russom	Steven Gilborn	Dana Andersen	Petie Perkins	Hope Miles	Bruce MacVittie	George Martin	Tanya Berezin	Maury Efrems	Claudia Silver	David Cale	Rick Warner	Elizabeth Brower
54663	Burt Reynolds	Candice Bergen	Jill Clayburgh	Charles Durning	Frances Sternhagen	Mary Kay Place	Austin Pendleton	Jay O. Sanders	Kevin Bacon
9692	Kevin Bacon	David Alan Grier	Kyra Sedgwick	Benjamin Bratt	Carlos Leon	Michael Shannon	Kevin Rice	Yasiin Bey	Hannah Pilkes	Jessica Nagle	Liam Daniels	Joey Hazinsky	Clara Hopkins Daniels	Ashley C. Coombs	Eve
14177	Queen Latifah	Alicia Silverstone	Andie MacDowell	Alfre Woodard	Mena Suvari	Golden Brooks	LisaRaye McCoy	Keshia Knight Pulliam	Kimora Lee	Sheryl Underwood	Kevin Bacon	Djimon Hounsou	Octavia Spencer	Wilmer Valderrama
9729	Kevin Bacon	Colin Firth	Alison Lohman	David Hayman	Rachel Blanchard	Maury Chaykin	Sonja Bennett	Kristin Adams	Deborah Grover	Beau Starr	Arsinée Khanjian	Gabrielle Rose	Don McKellar	David Hemblen	John Moraitis	Anna Silk
11835	Kevin Bacon	Garrett Hedlund	Kelly Preston	Jordan Garrett	John Goodman	Aisha Tyler	Stuart Lafferty	Matt O'Leary	Edi Gathegi	Hector Atreyu Ruiz	Kanin Howell	Dennis Keiffer	Freddy Bouciegues	Leigh Whannell
15006	Kevin Bacon	Marcia Gay Harden	Miles Heizer	Marin Hinkle	Eugene Byrd	Bonnie Root	Kathryn Joosten
13641	Brendan Fraser	Andy García	Kevin Bacon	Sarah Michelle Gellar	Clark Gregg	Emile Hirsch	Forest Whitaker	Kelly Hu	Evan Parke	Taylor Nichols	Victor Rivers	Cecilia Suárez	Todd Stashwick	Jon Bernthal	Julie Delpy	Josh Flaum	Jason Dolley	Sasha Pieterse	William Maier	Lisa Owen	Sherry Ham-Bernard	Eduardo Victoria	John Cho	Alex Terminel	Diana García	Kari Wuhrer	Claudia Cervantes	Rodrigo Santacruz	Aurora Papile	Andrew Deichman	Jake Koenig
11499	Michael Sheen	Frank Langella	Kevin Bacon	Sam Rockwell	Mark Simich	Matthew Macfadyen	Oliver Platt	Rebecca Hall	Toby Jones	Andy Milder	Kate Jennings Grant	Gabriel Jarret	Jim Meskimen	Patty McCormack	Geoffrey Blake	Clint Howard	Rance Howard	Gavin Grazer	Simon James	Eloy Casados	Jay White	Wil Albert	Keith MacKechnie	Penny L. Moore	Janneke Arent
25405	Kevin Bacon	Tom Aldredge	Nicholas Art	Blanche Baker	Guy Boyd	Gordon Clapp	Emily Wickersham
26820	Renée Zellweger	Logan Lerman	Kevin Bacon	Troy Garity	David Koechner	J.C. MacKenzie	Eric McCormack	Chris Noth	Molly C. Quinn	Mark Rendall	Nick Stahl	Phoebe Strole	Steven Weber	Robin Weigert	Dan John Miller	Indra Ové
106482	Kevin Bacon	Kyra Sedgwick	Bruce Payne	Kristin Dattilo	Deborah Falconer	Mickey Jones	Buckley Norris	Raymond O'Connor	David Pressman	Byrne Piven	Ernie Lee Banks
45132	Rainn Wilson	Ellen Page	Liv Tyler	Kevin Bacon	Gregg Henry	Michael Rooker	Andre Royo	Sean Gunn	Stephen Blackehart	Don Mac	Linda Cardellini	Nathan Fillion	Gerardo Davila	Grant Goodman	Paul T. Taylor	Connor Day	James Gunn	Mikaela Hoover	Nick Holmes	Matt Moore	Rob Zombie	Steve Agee	Laurel Whitsett	James Lentzsch	Nate Rubin	Edrick Browne	Danny Cosmo	Krystal Mayo	Russell Towery	Mario Jiminez Jr.	Jonathan Winkler	Mollie Milligan	Gerry May	Valentine Miele	Michelle Gunn	Darcel White Moreno	Greg Ingram	Lindsey Soileau	Brandon Belknap	Zach Gilford	Lloyd Kaufman	Tim J. Smith	Mark Dealessandro	Cole S. McKay	Dominick LaBanca	John W. Lawson	William Katt	Christine Bently
49538	James McAvoy	Michael Fassbender	Jennifer Lawrence	Kevin Bacon	Rose Byrne	Nicholas Hoult	January Jones	Jason Flemyng	Lucas Till	Caleb Landry Jones	Zoë Kravitz	Oliver Platt	Edi Gathegi	Álex González	Matt Craven	Rade Serbedzija	Glenn Morshower	Michael Ironside	Morgan Lily	Laurence Belcher	Beth Goddard	Bill Milner	Don Creech	Demetri Goritsas	James Remar	Ray Wise	Brendan Fehr	Hugh Jackman	Rebecca Romijn	David Agranov	Neil Fingleton	Corey Johnson	Annabelle Wallis	Éva Magyar	Tony Curran	Randall Batinkoff	Arthur Darbinyan	Georg Nikoloff	James Faulkner	Ludger Pistor	Wilfried Hochholdinger
50646	Steve Carell	Julianne Moore	Ryan Gosling	Emma Stone	Marisa Tomei	Kevin Bacon	Analeigh Tipton	Jonah Bobo	Joey King	Beth Littleford	John Carroll Lynch	Liza Lapira	Josh Groban	Mekia Cox	Julianna Guill	Crystal Reed	Zayne Emory	Joanne Brooks	Caitlin Thompson	Karolina Wydra	Tracy Mulholland	Katerina Mikailenko	Janine Barris	Jenny Mollen	Jessica Diz	Olga Fonda	Brian Patrick Butler	Julianna Rose
57585	Kevin Bacon	Djimon Hounsou	Jirantanin Pitakporntrakul	Weeraprawat Wongpuapan	Suteerush Channukool	Sahajak Boonthanakit	Apichart Chusakul
49524	Jeff Bridges	Ryan Reynolds	Kevin Bacon	Stephanie Szostak	Mary-Louise Parker	Marisa Miller	Robert Knepper	James Hong	Mike O'Malley	Devin Ratray	Kachina Dechert	Catherine Kresge	Larry Joe Campbell	Kortney Adams	Michael Coons	Christina Everett	Michael Tow	Lonnie Farmer	Piper Mackenzie Harris	Ben Sloane	Duncan B. Putney	Bill Mootos	Michael Yebba	David J. Curtis	Cheryl McMahon	Georgia Lyman	Matt McColm	John Burke	Joe Stapleton	Michael Steven Costello	Chris Whitney	Emmalyn Anderson	Alexandra Creteau	J. Jewels	Jim Ford
158711	Kevin Bacon
109404	Kevin Bacon	Matt Bomer	George Clooney	Chris Colfer	Jamie Lee Curtis	Jesse Tyler Ferguson	Jane Lynch	Rory O'Malley	Christine Lahti	Brad Pitt	John C. Reilly	Martin Sheen	George Takei	Bridger Zadina	Yeardley Smith	Matthew Morrison	James Pickens Jr.
94671	Kevin Bacon	Tippi Hedren	Shawnee Smith	Ray Stevenson	John Hurt	Robert Duvall	Billy Bob Thornton	Frances O'Connor	Robert Patrick	Katherine LaNasa
118760	Orson Bean	Kevin Bacon	Mark Keyloun	Tommy Citera	Esai Morales	Harris Laskawy	John Ford Noonan	Meade Roberts	Yukio Yamamoto	Rudy DeBellis	Steve Steinlauf	Susan Blond	Carol Jean Lewis	Bo Rucker
319070	John Belushi	John Candy	Chevy Chase	Bill Murray	Gilda Radner	John Goodman	Beverly D'Angelo	Kevin Bacon	Richard Belzer	Christopher Guest	Fred Gwynne	John Hughes	John Landis	Tim Matheson	Meat Loaf	Billy Bob Thornton	Richard Nixon	John Lennon	Yoko Ono	Stevie Wonder	George Plimpton	Judd Apatow	Harold Ramis	Ivan Reitman	Danny Abelson	Tony Hendra		Douglas Kenney
261023	Johnny Depp	Joel Edgerton	Benedict Cumberbatch	Dakota Johnson	Kevin Bacon	Peter Sarsgaard	Jesse Plemons	David Harbour	Adam Scott	Corey Stoll	Julianne Nicholson	W. Earl Brown	Bill Camp	Juno Temple	Mark Mahoney	Brad Carter	Scott G. Anderson	Lonnie Farmer	Mary Klug	Erica McDermott	Luke Ryan	Owen Burke	Lewis D. Wheeler	Billy Meleady	Jamie Donnelly	David De Beck	Gary Galone	Rory Cochrane	James Russo	Jeremy Strong	Danae Nason	Bretton Manley	Berglind Jonsdottir	Robert Walsh	David Conley	Ciaran Crawford	Thomas Philip O'Neill	Joey Vacchio	Bill Haims	Anthony Molinari	Todd Ryan Jones	Declan Mulvey	Bates Wilder	Marc Carver	Richard Donelly	Brian A. White	Peter Morse	Tom Kemp	Patrick M. Walsh	Naheem Garcia	Kathryn A. Beauchamp	Stephen Curran	Darin X.L. MacEachern	Cary 'Big Shug' Guy	Sean Malone	Jack Neary	Jimmy Joe Maher	Forry Buckingham	Danny DeMiller	Michael F. Murphy	Alexander Cook	Ava Cooper	Stella Cooper	Amanda Blattner	Julie Ann Dawson
310133	Kevin Bacon	James Freedson-Jackson	Hays Wellford	Camryn Manheim	Shea Whigham	Sean Hartley	Kyra Sedgwick	Loi Nguyen	Sit Lenh	Chuck Kull	Thomas Coates	Kathleen Bentley	Justin Barr	Adam Barr	Lily Heber	Cooter Heber	Bluebell
257345	Kevin Bacon	Radha Mitchell	David Mazouz	Lucy Fry	Parker Mack	Matt Walsh	Jennifer Morrison	Sara Mornell	Ming-Na Wen	Paul Reiser	Tara Lynne Barr	Judith McConnell	Krista Marie Yu	A.J. Tannen
49855	Kevin Bacon	Bob Balaban	Barbara Barrie	Michael Beach	Judy Benson	Wilford Brimley	Levon Helm	Clint Howard	Holly Hunter	Bruce McGill	Mary Steenburgen	Trey Wilson
388399	Mark Wahlberg	John Goodman	J.K. Simmons	Kevin Bacon	Michelle Monaghan	Melissa Benoist	Michael Beach	Khandi Alexander	Alex Wolff	Rachel Brosnahan	Jake Picking	Lana Condor	Erica McDermott	Kathy Harum	Martine Assaf	Jimmy O. Yang	Cara Leroy O'Connell	
58462	Kyra Sedgwick	Dominic Scott Kay	Matt Dillon	Kevin Bacon	Blair Brown	Sandra Bullock	Oliver Platt	Marisa Tomei	Campbell Scott	Sosie Bacon	Travis Bacon	John Lafayette	Jessica Stone	Melissa Errico	Carolyn McCormick	Valyn Hall	Naelee Rae	Spencer Treat Clark	John Legend
458506	Orlando Bloom	Andy Samberg	John Cena	Jeff Goldblum	J.J. Abrams	Mike Tyson	Lance Armstrong	Kevin Bacon	James Marsden	Dolph Lundgren	Freddie Highmore	Julia Ormond	Adewale Akinnuoye-Agbaje	Maya Rudolph	Danny Glover	Daveed Diggs	Will Forte	Nathan Fielder	Phylicia Rashād	Joe Buck	Chris Webber	Chris Romano	Seth Morris	Jon Hamm	Eric Nenninger	Eugenia Kuzmina	Myles Brewer	Kevin Clash	Edgar Wright	Rebecca Dayan	Russ Walko	Patrick John Costello
21032	Kevin Bacon	Bob Hoskins	Bridget Fonda	Jim Cummings	Phil Collins	Juliette Brewer	Jack Angel	Danny Mann	Robbie Rist	Sandra Dickinson	Frank Welker	Miriam Margolyes	Lola Bates-Campbell
568	Tom Hanks	Bill Paxton	Kevin Bacon	Gary Sinise	Ed Harris	Kathleen Quinlan	Mary Kate Schellhardt	Emily Ann Lloyd	Miko Hughes	Max Elliott Slade	Jean Speegle Howard	Tracy Reiner	David Andrews	Michele Little	Chris Ellis	Joe Spano	Xander Berkeley	Roger Corman	Andrew Lipschultz	Mark Wheeler	Endre Hules	Clint Howard	Christian Clemenson	Brett Cullen	Thom Barry	Gabriel Jarret	Jim Lovell
8438	Christian Slater	Kevin Bacon	Gary Oldman	Embeth Davidtz	William H. Macy	Stephen Tobolowsky	Brad Dourif	Kyra Sedgwick	Mia Kirshner
8987	Meryl Streep	David Strathairn	Kevin Bacon	Benjamin Bratt	John C. Reilly	Joseph Mazzello	Stephanie Sawyer	William Lucking	Elizabeth Hoffman	Victor Galloway
46094	Kevin Bacon	Charles Gitonga Maina	Yolanda Vazquez	Mabutho 'Kid' Sithole	Sean McCann	Dennis Patrick	Ilo Mutombo	Nigel Miguel	Eric Menyuk	Keith Gibbs	Miriam Owiti	John Matshikiza	Winston Ntshona
819	Robert De Niro	Brad Pitt	Kevin Bacon	Jason Patric	Ron Eldard	Billy Crudup	Dustin Hoffman	Minnie Driver	Vittorio Gassman	Joe Perrino	Brad Renfro	Geoffrey Wigdor	Jonathan Tucker	Terry Kinney	Bruno Kirby	Eugene Byrd	Frank Medrano	Ruth Maleczech	Tom Signorelli	Jeffrey Donovan	Lennie Loftin
9413	Jennifer Aniston	Jay Mohr	Kevin Bacon	Olympia Dukakis	Illeana Douglas	Kevin Dunn
63437	Kevin Bacon	Brad Renfro	Maximilian Schell	Calista Flockhart	Paul Dooley	Jonathan Rhys Meyers	Luke Wilson
617	Matt Dillon	Kevin Bacon	Denise Richards	Neve Campbell	Theresa Russell	Bill Murray	Robert Wagner	Daphne Rubin-Vega	Jeff Perry	Eduardo Yáñez	Jennifer Taylor	Cory Pendergast	Marc Macaulay	Toi Svane Stepp	Dennis Neal	Diane Adams	Paulo Benedeti	Victoria Bass	Ted Bartsch	Leonor Anthony	Antoni Corone	Robert Deacon	Anthony Giaimo	Manny Suarez	Janet Bushor	Gina LaMarca	Nancy Duerr	Margo Peace	Keith Wilson	Nelson Oramas	Michael Dean Walker	Jesse Muson	Kimberly Lamaze	Rebecca White
4488	Betsy Palmer	Adrienne King	Harry Crosby	Laurie Bartram	Jeannine Taylor	Kevin Bacon	Mark Nelson	Robbi Morgan	Peter Brouwer	Rex Everhart	Walt Gorney	Willie Adams	Debra S. Hayes	Ari Lehman	Ronn Carroll	Ron Millkie	Dorothy Kobs	Sally Anne Golden	Mary Rocco	Ken L. Parker	Noel Cunningham	Irwin Keyes	Tom Savini
31641	Evan Rachel Wood	Kevin Bacon	Mary Stuart Masterson	Marian Seldes	Cathy Moriarty
881	Tom Cruise	Jack Nicholson	Demi Moore	Kevin Bacon	Kevin Pollak	James Marshall	J.T. Walsh	Kiefer Sutherland	Christopher Guest	J.A. Preston	Matt Craven	Wolfgang Bodison	Xander Berkeley	John M. Jackson	Noah Wyle	Cuba Gooding Jr.
11601	Kevin Bacon	Kathryn Erbe	Illeana Douglas	Kevin Dunn	Conor O'Farrell	Lusia Strus	Zachary David Cope	Stephen Eugene Walker	Mary Kay Cook	Larry Neumann Jr.	Jennifer Morrison	Liza Weil
49792	Kevin Bacon	Jamie Lee Curtis	Linda Fiorentino	John Malkovich	Joe Mantegna	Ken Olin	Tony Spiridakis	Tom Waits	Chloe Webb	Michael Zelniker	Kelly Bishop	Terry Kinney	Ed Marinaro
17908	Frankie Muniz	Diane Lane	Kevin Bacon	Luke Wilson	Chaon Cross	Harry Connick Jr.
820	Kevin Costner	Tommy Lee Jones	Gary Oldman	Kevin Bacon	Michael Rooker	Jack Lemmon	Laurie Metcalf	Sissy Spacek	Joe Pesci	John Candy	Pruitt Taylor Vince	Jay O. Sanders	Walter Matthau	Sally Kirkland	Donald Sutherland	Ed Asner	Brian Doyle-Murray	Ray LePere	Vincent D'Onofrio	Tom Howard	Lolita Davidovich	Jim Garrison	Wayne Knight	Gary Grubbs	Beata Pozniak Daniels	Tony Plana	John William Galt	Ron Jackson	Sean Stone	John S. Davies	Tomás Milián	Raul Aranas	Gail Cronauer	Gary Carter	James N. Harrell	Ellen McElduff	Jo Anderson	Marco Perella	Edwin Neal	Darryl Cox	T.J. Kennedy	J.J. Johnston	R. Bruce Elliott	William Larsen	Wayne Tippit	Dale Dye	Jerry Douglas	Ryan MacDonald	Duane Grey	George R. Robertson	Baxter Harris	John Seitz	Alex Rodine	Sam Stoneburner	Bob Gunton	John P. Finnegan	Walter Breaux	Melodee Bowman	Peter Maloney	Richard Rutowski	Bill Bolender	Price Carson	Gil Glasgow	Bob Orwig	Hugh Feagin	George Kelly	Victor Kempster	John Larroquette	Maria Mason	Ron Rifkin	Frank Whaley	Kevin Beard	Jeffrey Bornstein	Marie Del Marco	Alan Donnes	Orlando Gallegos	Robert J. Groden	Chuck Kelley	Codie Scott	Martin Sheen	Jacquelyn Twodat Jackson
8469	John Belushi	Tim Matheson	John Vernon	Verna Bloom	Tom Hulce	Cesare Danova	Peter Riegert	Mary Louise Weller	Stephen Furst	James Widdoes	Bruce McGill	Mark Metcalf	DeWayne Jessie	Karen Allen	James Daughton	Martha Smith	Sarah Holcomb	Lisa Baur	Kevin Bacon	Donald Sutherland	Douglas Kenney	Chris Miller	Bruce Bonnheim	Joshua Daniel	Sunny Johnson	Stacy Grooman	Eliza Roberts	Aseneth Jurgenson	Katherine Denning	Raymone Robinson	Robert Elliott	Reginald Farmer	Jebidiah R. Dumas	Priscilla Lauris	Rick Eby	John Freeman	Sean McCartin	Helen Vick	Rick Greenough	Stephen Bishop	John Landis
13776	Steve Guttenberg	Daniel Stern	Mickey Rourke	Kevin Bacon	Tim Daly	Ellen Barkin	Paul Reiser	Kathryn Dowling	Michael Tucker	Jessica James	Colette Blonigan	Kelle Kipp	John Aquino	Richard Pierson	Claudia Cron	Tait Ruppert	Tom Tammi	Pam Gail	Lauren Zaganas	Sharon Ziman	Mark Margolis	Ralph Tabakin	Frank Stoegerer	Nat Benchley	Frank Hennessy	Marvin Hunter	Steve Smith	Lee Case	Clement Fowler	Howard Silverman	Ted Bafaloukos	Barney Cohen	Bruce Kluger	Bruce Elliott	Carole Copeland	Aryeh Cooperstock	Brian Costantini	Lorraine D. Glick	Florence Moody	Mary Lou Vukov	Alan Kaplan	Donald Saiontz	Chief Gordon	Beverly Sheehan	Dusty Clare
1551	Kiefer Sutherland	Julia Roberts	Kevin Bacon	William Baldwin	Oliver Platt	Kimberly Scott	Joshua Rudoy	Benjamin Mouton	Aeryk Egan	Kesha Reed	Hope Davis	Jim Ortlieb	John Duda	Megan Stewart	Tressa Thomas	Sanna Vraa	Beth Grant	Marilyn Dodds Frank	Patricia Belcher
1788	Kevin Bacon	John Lithgow	Dianne Wiest	Chris Penn	Lori Singer	Sarah Jessica Parker	Timothy Scott	Frances Lee McCain	John Laughlin	Elizabeth Gorcey	Jim Youngs	Lynne Marta	Sam Dalton
9383	Kevin Bacon	Elisabeth Shue	Josh Brolin	Kim Dickens	Rhona Mitra	Greg Grunberg	Joey Slotnick	Mary Randle	William Devane	Pablo Espinosa
2609	Steve Martin	John Candy	Laila Robins	Michael McKean	Dylan Baker	Kevin Bacon	Olivia Burnette	Carol Bruce	Diana Douglas	Martin Ferrero	Larry Hankin	Richard Herd	Susan Kellermann	Susan Isaacs	John Randolph Jones
12714	Kevin Bacon	Elizabeth McGovern	Alec Baldwin	William Windom	Holland Taylor	Cathryn Damon	John Ashton	Dan Aykroyd	Michael Keaton	James Ray	Reba McKinney	Bill Erwin	Paul Gleason	Dennis Dugan	Anthony Mockus Sr.	Larry Hankin	Edie McClurg	Nancy Lenehan	Steve Tannen	Neal Bacon	Laure Aronica	Valerie Breiman	Isabel García Lorca	Al Leong	Lili Taylor	Sherry Narens	Kellye Nakahara	Ellen Dweck	Lisa Niemi	Trudy Dochterman	Angela Alvarado	Pamela Hedges	Seth Yoser	Ruth F. Ekholm	Mimi Cagnetta	Susan Canestro	Bernadette Pelletier	Ingrid Ferrin	Patrick J. Salisbury	Gail O'Grady	Woody Harrelson	Kirstie Alley	Matthew Broderick	John Candy	Bill Murray
41952	Gary Oldman	Kevin Bacon	Tess Harper	Karen Young	Joe Don Baker	Sean McCann	Ron Lea	Michael Sinelnikoff
45225	Kevin Bacon	Emily Longstreth	J.T. Walsh	Jennifer Jason Leigh	Michael McKean	Kim Miyori	Teri Hatcher	Dan Schneider	Jason Gould	Tracy Brooks Swope	Don Franklin	Gary Kroeger	Alice Hirson	Grant Owens	Fran Drescher	Suzy Cote	Eddie Albert	June Lockhart	Stephen Collins	Roddy McDowall	Robert Bauer	Vladimir Skomarovsky	C.W. Hemingway	Holly Fields	Yvonne Peattie	Stan Ivar	David Hayward	Caitlin Clarke	Nancy Valen	Wesley Pfenning	John Cleese	Richard Blake	Walter Olkewicz	Scott Coffey	Bruce Kirby	Richard Belzer	Beth Chamberlin	Mike Miller	Martin Short
20794	Chelcie Ross	Steve Martin	Laura Dern	Lynne Thigpen	Polly Noonan	Helena Bonham Carter	JoBe Cerny	Elias Koteas	Yasen Peyankov	Scott Caan	Teri Cotruzzola	Lucina Paquet	Preston Maybank	Sally Kao	Quincy Wong	George Lugg	Tyler Rostenkowski	Tom Milanovich	Karol Kent	Keith David	Eddie Bo Smith Jr.	Mary Ann Childers	Rich Komenich	James Chisem	Joseph F. Kosala	Eric Lane	Roy Hytower	Kwame Amoaku	Christian Stolte	Len Bajenski	Mindy Bell	Roderick Peeples	Kevin Bacon	Ed Cray	Christopher Glasgow	Marcello Robinson	Dean Teaster
19209	Kevin Bacon	Sean Astin	Jonathan Ward	K.C. Martel	Matt Adler	Caroline McWilliams	Charles Siebert	Joseph Passerrelli
44004	John Ritter	Anne Archer	Bert Convy	Kevin McCarthy	Kevin Bacon
9039	Charlize Theron	Kevin Bacon	Courtney Love	Stuart Townsend	Dakota Fanning	Pruitt Taylor Vince	Colleen Camp	Steve Rankin	Garry Chalk	Jodie Markell	Matt Koby	Gerry Becker	Andrew Airlie	Randi Lynne	J.B. Bivens
42146	Marsha Mason	Kristy McNichol	James Coco	Joan Hackett	David Dukes	John Bennett Perry	Guy Boyd	Venida Evans	John Vargas	Dan Monahan	Kevin Bacon
21332	Kevin Bacon	Jami Gertz	Paul Rodríguez	Rudy Ramos	Laurence Fishburne	Louie Anderson	Gerald S. O'Loughlin	Andrew Smith	Charles McCaughan	Abel Fernandez
9362	Kevin Bacon	Fred Ward	Finn Carter	Michael Gross	Reba McEntire	Robert Jayne	Charlotte Stewart	Tony Genaro	Ariana Richards	Richard Marcus	Victor Wong	Sunshine Parker	Michael Dan Wagner	Conrad Bachmann	Bibi Besch
322	Sean Penn	Tim Robbins	Kevin Bacon	Laurence Fishburne	Marcia Gay Harden	Laura Linney	Kevin Chapman	Tom Guiry	Emmy Rossum	Eli Wallach	Spencer Treat Clark	Andrew Mackin	Adam Nelson	Robert Wahlberg	Jenny O'Hara	John Doman	Cameron Bowen	Jason Kelly	Connor Paolo	T. Bruce Page	Miles Herter	Cayden Boyd	Tori Davis	Jonathan Togo	Philip Ettington
10944	Meg Ryan	Mark Ruffalo	Jennifer Jason Leigh	Nick Damici	Heather Litteer	Kevin Bacon
17956	Kevin Bacon	Elizabeth Perkins	Nathan Lane	Anthony LaPaglia	Sharon Stone	Stanley Anderson	Charlayne Woodard	Danton Stone	Phil Leeds	Rita Karin	Paul Butler	Erika Alexander	Ashley Gardner	Michael Harris	Damien Leake	Constance Shulman	Leon Russom	Steven Gilborn	Dana Andersen	Petie Perkins	Hope Miles	Bruce MacVittie	George Martin	Tanya Berezin	Maury Efrems	Claudia Silver	David Cale	Rick Warner	Elizabeth Brower
54663	Burt Reynolds	Candice Bergen	Jill Clayburgh	Charles Durning	Frances Sternhagen	Mary Kay Place	Austin Pendleton	Jay O. Sanders	Kevin Bacon
9692	Kevin Bacon	David Alan Grier	Kyra Sedgwick	Benjamin Bratt	Carlos Leon	Michael Shannon	Kevin Rice	Yasiin Bey	Hannah Pilkes	Jessica Nagle	Liam Daniels	Joey Hazinsky	Clara Hopkins Daniels	Ashley C. Coombs	Eve
14177	Queen Latifah	Alicia Silverstone	Andie MacDowell	Alfre Woodard	Mena Suvari	Golden Brooks	LisaRaye McCoy	Keshia Knight Pulliam	Kimora Lee	Sheryl Underwood	Kevin Bacon	Djimon Hounsou	Octavia Spencer	Wilmer Valderrama
9729	Kevin Bacon	Colin Firth	Alison Lohman	David Hayman	Rachel Blanchard	Maury Chaykin	Sonja Bennett	Kristin Adams	Deborah Grover	Beau Starr	Arsinée Khanjian	Gabrielle Rose	Don McKellar	David Hemblen	John Moraitis	Anna Silk
11835	Kevin Bacon	Garrett Hedlund	Kelly Preston	Jordan Garrett	John Goodman	Aisha Tyler	Stuart Lafferty	Matt O'Leary	Edi Gathegi	Hector Atreyu Ruiz	Kanin Howell	Dennis Keiffer	Freddy Bouciegues	Leigh Whannell
15006	Kevin Bacon	Marcia Gay Harden	Miles Heizer	Marin Hinkle	Eugene Byrd	Bonnie Root	Kathryn Joosten
13641	Brendan Fraser	Andy García	Kevin Bacon	Sarah Michelle Gellar	Clark Gregg	Emile Hirsch	Forest Whitaker	Kelly Hu	Evan Parke	Taylor Nichols	Victor Rivers	Cecilia Suárez	Todd Stashwick	Jon Bernthal	Julie Delpy	Josh Flaum	Jason Dolley	Sasha Pieterse	William Maier	Lisa Owen	Sherry Ham-Bernard	Eduardo Victoria	John Cho	Alex Terminel	Diana García	Kari Wuhrer	Claudia Cervantes	Rodrigo Santacruz	Aurora Papile	Andrew Deichman	Jake Koenig
11499	Michael Sheen	Frank Langella	Kevin Bacon	Sam Rockwell	Mark Simich	Matthew Macfadyen	Oliver Platt	Rebecca Hall	Toby Jones	Andy Milder	Kate Jennings Grant	Gabriel Jarret	Jim Meskimen	Patty McCormack	Geoffrey Blake	Clint Howard	Rance Howard	Gavin Grazer	Simon James	Eloy Casados	Jay White	Wil Albert	Keith MacKechnie	Penny L. Moore	Janneke Arent
25405	Kevin Bacon	Tom Aldredge	Nicholas Art	Blanche Baker	Guy Boyd	Gordon Clapp	Emily Wickersham
26820	Renée Zellweger	Logan Lerman	Kevin Bacon	Troy Garity	David Koechner	J.C. MacKenzie	Eric McCormack	Chris Noth	Molly C. Quinn	Mark Rendall	Nick Stahl	Phoebe Strole	Steven Weber	Robin Weigert	Dan John Miller	Indra Ové
106482	Kevin Bacon	Kyra Sedgwick	Bruce Payne	Kristin Dattilo	Deborah Falconer	Mickey Jones	Buckley Norris	Raymond O'Connor	David Pressman	Byrne Piven	Ernie Lee Banks
45132	Rainn Wilson	Ellen Page	Liv Tyler	Kevin Bacon	Gregg Henry	Michael Rooker	Andre Royo	Sean Gunn	Stephen Blackehart	Don Mac	Linda Cardellini	Nathan Fillion	Gerardo Davila	Grant Goodman	Paul T. Taylor	Connor Day	James Gunn	Mikaela Hoover	Nick Holmes	Matt Moore	Rob Zombie	Steve Agee	Laurel Whitsett	James Lentzsch	Nate Rubin	Edrick Browne	Danny Cosmo	Krystal Mayo	Russell Towery	Mario Jiminez Jr.	Jonathan Winkler	Mollie Milligan	Gerry May	Valentine Miele	Michelle Gunn	Darcel White Moreno	Greg Ingram	Lindsey Soileau	Brandon Belknap	Zach Gilford	Lloyd Kaufman	Tim J. Smith	Mark Dealessandro	Cole S. McKay	Dominick LaBanca	John W. Lawson	William Katt	Christine Bently
49538	James McAvoy	Michael Fassbender	Jennifer Lawrence	Kevin Bacon	Rose Byrne	Nicholas Hoult	January Jones	Jason Flemyng	Lucas Till	Caleb Landry Jones	Zoë Kravitz	Oliver Platt	Edi Gathegi	Álex González	Matt Craven	Rade Serbedzija	Glenn Morshower	Michael Ironside	Morgan Lily	Laurence Belcher	Beth Goddard	Bill Milner	Don Creech	Demetri Goritsas	James Remar	Ray Wise	Brendan Fehr	Hugh Jackman	Rebecca Romijn	David Agranov	Neil Fingleton	Corey Johnson	Annabelle Wallis	Éva Magyar	Tony Curran	Randall Batinkoff	Arthur Darbinyan	Georg Nikoloff	James Faulkner	Ludger Pistor	Wilfried Hochholdinger
50646	Steve Carell	Julianne Moore	Ryan Gosling	Emma Stone	Marisa Tomei	Kevin Bacon	Analeigh Tipton	Jonah Bobo	Joey King	Beth Littleford	John Carroll Lynch	Liza Lapira	Josh Groban	Mekia Cox	Julianna Guill	Crystal Reed	Zayne Emory	Joanne Brooks	Caitlin Thompson	Karolina Wydra	Tracy Mulholland	Katerina Mikailenko	Janine Barris	Jenny Mollen	Jessica Diz	Olga Fonda	Brian Patrick Butler	Julianna Rose
57585	Kevin Bacon	Djimon Hounsou	Jirantanin Pitakporntrakul	Weeraprawat Wongpuapan	Suteerush Channukool	Sahajak Boonthanakit	Apichart Chusakul
49524	Jeff Bridges	Ryan Reynolds	Kevin Bacon	Stephanie Szostak	Mary-Louise Parker	Marisa Miller	Robert Knepper	James Hong	Mike O'Malley	Devin Ratray	Kachina Dechert	Catherine Kresge	Larry Joe Campbell	Kortney Adams	Michael Coons	Christina Everett	Michael Tow	Lonnie Farmer	Piper Mackenzie Harris	Ben Sloane	Duncan B. Putney	Bill Mootos	Michael Yebba	David J. Curtis	Cheryl McMahon	Georgia Lyman	Matt McColm	John Burke	Joe Stapleton	Michael Steven Costello	Chris Whitney	Emmalyn Anderson	Alexandra Creteau	J. Jewels	Jim Ford
158711	Kevin Bacon
109404	Kevin Bacon	Matt Bomer	George Clooney	Chris Colfer	Jamie Lee Curtis	Jesse Tyler Ferguson	Jane Lynch	Rory O'Malley	Christine Lahti	Brad Pitt	John C. Reilly	Martin Sheen	George Takei	Bridger Zadina	Yeardley Smith	Matthew Morrison	James Pickens Jr.
94671	Kevin Bacon	Tippi Hedren	Shawnee Smith	Ray Stevenson	John Hurt	Robert Duvall	Billy Bob Thornton	Frances O'Connor	Robert Patrick	Katherine LaNasa
118760	Orson Bean	Kevin Bacon	Mark Keyloun	Tommy Citera	Esai Morales	Harris Laskawy	John Ford Noonan	Meade Roberts	Yukio Yamamoto	Rudy DeBellis	Steve Steinlauf	Susan Blond	Carol Jean Lewis	Bo Rucker
319070	John Belushi	John Candy	Chevy Chase	Bill Murray	Gilda Radner	John Goodman	Beverly D'Angelo	Kevin Bacon	Richard Belzer	Christopher Guest	Fred Gwynne	John Hughes	John Landis	Tim Matheson	Meat Loaf	Billy Bob Thornton	Richard Nixon	John Lennon	Yoko Ono	Stevie Wonder	George Plimpton	Judd Apatow	Harold Ramis	Ivan Reitman	Danny Abelson	Tony Hendra		Douglas Kenney
261023	Johnny Depp	Joel Edgerton	Benedict Cumberbatch	Dakota Johnson	Kevin Bacon	Peter Sarsgaard	Jesse Plemons	David Harbour	Adam Scott	Corey Stoll	Julianne Nicholson	W. Earl Brown	Bill Camp	Juno Temple	Mark Mahoney	Brad Carter	Scott G. Anderson	Lonnie Farmer	Mary Klug	Erica McDermott	Luke Ryan	Owen Burke	Lewis D. Wheeler	Billy Meleady	Jamie Donnelly	David De Beck	Gary Galone	Rory Cochrane	James Russo	Jeremy Strong	Danae Nason	Bretton Manley	Berglind Jonsdottir	Robert Walsh	David Conley	Ciaran Crawford	Thomas Philip O'Neill	Joey Vacchio	Bill Haims	Anthony Molinari	Todd Ryan Jones	Declan Mulvey	Bates Wilder	Marc Carver	Richard Donelly	Brian A. White	Peter Morse	Tom Kemp	Patrick M. Walsh	Naheem Garcia	Kathryn A. Beauchamp	Stephen Curran	Darin X.L. MacEachern	Cary 'Big Shug' Guy	Sean Malone	Jack Neary	Jimmy Joe Maher	Forry Buckingham	Danny DeMiller	Michael F. Murphy	Alexander Cook	Ava Cooper	Stella Cooper	Amanda Blattner	Julie Ann Dawson
310133	Kevin Bacon	James Freedson-Jackson	Hays Wellford	Camryn Manheim	Shea Whigham	Sean Hartley	Kyra Sedgwick	Loi Nguyen	Sit Lenh	Chuck Kull	Thomas Coates	Kathleen Bentley	Justin Barr	Adam Barr	Lily Heber	Cooter Heber	Bluebell
257345	Kevin Bacon	Radha Mitchell	David Mazouz	Lucy Fry	Parker Mack	Matt Walsh	Jennifer Morrison	Sara Mornell	Ming-Na Wen	Paul Reiser	Tara Lynne Barr	Judith McConnell	Krista Marie Yu	A.J. Tannen
49855	Kevin Bacon	Bob Balaban	Barbara Barrie	Michael Beach	Judy Benson	Wilford Brimley	Levon Helm	Clint Howard	Holly Hunter	Bruce McGill	Mary Steenburgen	Trey Wilson
388399	Mark Wahlberg	John Goodman	J.K. Simmons	Kevin Bacon	Michelle Monaghan	Melissa Benoist	Michael Beach	Khandi Alexander	Alex Wolff	Rachel Brosnahan	Jake Picking	Lana Condor	Erica McDermott	Kathy Harum	Martine Assaf	Jimmy O. Yang	Cara Leroy O'Connell	
58462	Kyra Sedgwick	Dominic Scott Kay	Matt Dillon	Kevin Bacon	Blair Brown	Sandra Bullock	Oliver Platt	Marisa Tomei	Campbell Scott	Sosie Bacon	Travis Bacon	John Lafayette	Jessica Stone	Melissa Errico	Carolyn McCormick	Valyn Hall	Naelee Rae	Spencer Treat Clark	John Legend
458506	Orlando Bloom	Andy Samberg	John Cena	Jeff Goldblum	J.J. Abrams	Mike Tyson	Lance Armstrong	Kevin Bacon	James Marsden	Dolph Lundgren	Freddie Highmore	Julia Ormond	Adewale Akinnuoye-Agbaje	Maya Rudolph	Danny Glover	Daveed Diggs	Will Forte	Nathan Fielder	Phylicia Rashād	Joe Buck	Chris Webber	Chris Romano	Seth Morris	Jon Hamm	Eric Nenninger	Eugenia Kuzmina	Myles Brewer	Kevin Clash	Edgar Wright	Rebecca Dayan	Russ Walko	Patrick John Costello
